Participant External Session ID,Age,Gender
648706e955af62d92fd5ea14,45,Female
64870894b83d7e75727b31d2,69,Female
6487070e55af62d92fd5ea2f,39,Female
64870c0ddfe4f0fad2e69bad,24,Female
64870a15c4fed739e7dd4e36,35,Female
64870c92b44c7981272c52da,38,Male
64870d031fcf260e8986f9fd,66,Male
64870d371132814f11a88948,36,Female
64870cbb2769481e3c6fb04d,36,Female
64870cd2e9ea8c9e102c52be,24,Female
64870cb78577c3486ad12c32,48,Female
64870b408577c3486ad12bb9,20,Female
64870b1613e3e4dccbc42b0a,51,Female
64870954e16b6315a7d5ea05,44,Male
64870905d991206b69a117a7,47,Female
648708fa2ddb791f3b1d5b58,33,Male
6487072a504f0718c1768916,40,Female
6487072bc527b1c861c0e61e,22,Female
6487060bd4a971f11be9992a,34,Female
64872c98214642b52e4eb12d,20,Male